{
  "id": "1f4c151a-f0f6-4f82-9965-ed6a2e2c27a1",
  "generation": 0,
  "iteration": 0,
  "current_iteration": 2,
  "metrics": {
    "combined_score": 0.32666666666666666,
    "avg_makespan": 202.0,
    "avg_slo_ratio": 0.0,
    "runs": 1.0
  },
  "language": "unknown",
  "timestamp": 1778888413.6541686,
  "saved_at": 1778890084.4068
}