{"feature_map": {"5-0": "363a750a-7263-4552-9b8b-afa40b9b04ae", "9-5": "f6c2263d-9efa-462c-b4e4-8aeb72efdd84", "9-9": "7b41975f-ee50-46d6-98c9-a32b286a5ff4"}, "islands": [["7b41975f-ee50-46d6-98c9-a32b286a5ff4", "f6c2263d-9efa-462c-b4e4-8aeb72efdd84", "363a750a-7263-4552-9b8b-afa40b9b04ae", "aab24643-f627-42ff-81ff-9391730663e0"], [], [], [], []], "archive": ["7b41975f-ee50-46d6-98c9-a32b286a5ff4", "f6c2263d-9efa-462c-b4e4-8aeb72efdd84", "363a750a-7263-4552-9b8b-afa40b9b04ae", "aab24643-f627-42ff-81ff-9391730663e0"], "best_program_id": "363a750a-7263-4552-9b8b-afa40b9b04ae", "island_best_programs": ["363a750a-7263-4552-9b8b-afa40b9b04ae", null, null, null, null], "last_iteration": 3, "current_island": 2, "island_generations": [1, 1, 1, 0, 0], "last_migration_generation": 0, "feature_stats": {"complexity": {"min": 6148.0, "max": 6667.0, "values": [6148.0, 6567.0, 6667.0, 6667.0]}, "diversity": {"min": 42.400000000000006, "max": 91.2, "values": [42.400000000000006, 91.2, 91.2]}}}