{
  "id": "7b500b1e-933b-452d-abc4-cf1a676ab410",
  "generation": 1,
  "iteration": 2,
  "current_iteration": 2,
  "metrics": {
    "combined_score": 0.01666666666666672,
    "avg_makespan": 295.0,
    "avg_slo_ratio": 0.0,
    "runs": 1.0
  },
  "language": "unknown",
  "timestamp": 1778780079.6379962,
  "saved_at": 1778780079.64946
}