{"feature_map": {"5-0": "b5ce2d9b-7071-43cb-b2b7-3c21dd5a0de5", "9-5": "9a59630c-6c97-416c-a109-9070e8194f89"}, "islands": [["b5ce2d9b-7071-43cb-b2b7-3c21dd5a0de5", "9a59630c-6c97-416c-a109-9070e8194f89"], [], [], [], []], "archive": ["b5ce2d9b-7071-43cb-b2b7-3c21dd5a0de5", "9a59630c-6c97-416c-a109-9070e8194f89"], "best_program_id": "b5ce2d9b-7071-43cb-b2b7-3c21dd5a0de5", "island_best_programs": ["b5ce2d9b-7071-43cb-b2b7-3c21dd5a0de5", null, null, null, null], "last_iteration": 1, "current_island": 0, "island_generations": [1, 0, 0, 0, 0], "last_migration_generation": 0, "feature_stats": {"complexity": {"min": 6000.0, "max": 6701.0, "values": [6000.0, 6701.0]}, "diversity": {"min": 110.10000000000001, "max": 110.10000000000001, "values": [110.10000000000001]}}}