{"feature_map": {"5-0": "363a750a-7263-4552-9b8b-afa40b9b04ae", "9-5": "f6c2263d-9efa-462c-b4e4-8aeb72efdd84"}, "islands": [["f6c2263d-9efa-462c-b4e4-8aeb72efdd84", "363a750a-7263-4552-9b8b-afa40b9b04ae"], [], [], [], []], "archive": ["f6c2263d-9efa-462c-b4e4-8aeb72efdd84", "363a750a-7263-4552-9b8b-afa40b9b04ae"], "best_program_id": "363a750a-7263-4552-9b8b-afa40b9b04ae", "island_best_programs": ["363a750a-7263-4552-9b8b-afa40b9b04ae", null, null, null, null], "last_iteration": 1, "current_island": 0, "island_generations": [1, 0, 0, 0, 0], "last_migration_generation": 0, "feature_stats": {"complexity": {"min": 6148.0, "max": 6567.0, "values": [6148.0, 6567.0]}, "diversity": {"min": 42.400000000000006, "max": 42.400000000000006, "values": [42.400000000000006]}}}