{
  "id": "10b76752-7b4e-493a-a457-3713eff5bf75",
  "generation": 1,
  "iteration": 1,
  "current_iteration": 2,
  "metrics": {
    "combined_score": 0.31999999999999995,
    "avg_makespan": 204.0,
    "avg_slo_ratio": 0.0,
    "runs": 1.0
  },
  "language": "unknown",
  "timestamp": 1778897096.1786633,
  "saved_at": 1778897473.4499483
}