{"feature_map": {"5-0": "da6243d9-9b79-462a-8f59-de6e6a2c3620", "9-5": "10b76752-7b4e-493a-a457-3713eff5bf75", "9-0": "3931d372-d9aa-43fc-8cf1-5a05cc9a4d44"}, "islands": [["10b76752-7b4e-493a-a457-3713eff5bf75", "da6243d9-9b79-462a-8f59-de6e6a2c3620", "3931d372-d9aa-43fc-8cf1-5a05cc9a4d44"], [], [], [], []], "archive": ["10b76752-7b4e-493a-a457-3713eff5bf75", "da6243d9-9b79-462a-8f59-de6e6a2c3620", "3931d372-d9aa-43fc-8cf1-5a05cc9a4d44"], "best_program_id": "10b76752-7b4e-493a-a457-3713eff5bf75", "island_best_programs": ["10b76752-7b4e-493a-a457-3713eff5bf75", null, null, null, null], "last_iteration": 2, "current_island": 1, "island_generations": [1, 1, 0, 0, 0], "last_migration_generation": 0, "feature_stats": {"complexity": {"min": 6000.0, "max": 6666.0, "values": [6000.0, 6655.0, 6666.0]}, "diversity": {"min": 64.10000000000001, "max": 126.0, "values": [126.0, 64.10000000000001]}}}