{"feature_map": {"5-0": "363a750a-7263-4552-9b8b-afa40b9b04ae", "9-5": "f6c2263d-9efa-462c-b4e4-8aeb72efdd84", "9-9": "7b41975f-ee50-46d6-98c9-a32b286a5ff4", "0-9": "b126c7a5-0b49-49e3-b970-3070d911b304"}, "islands": [["7b41975f-ee50-46d6-98c9-a32b286a5ff4", "f6c2263d-9efa-462c-b4e4-8aeb72efdd84", "b126c7a5-0b49-49e3-b970-3070d911b304", "9e3fdf00-f5e1-4d0c-bdde-9019c6d664f9", "aab24643-f627-42ff-81ff-9391730663e0", "1633f6c2-113e-4dfb-9bd1-49eee50ae87a", "363a750a-7263-4552-9b8b-afa40b9b04ae"], [], ["84fa953e-5549-4f34-817e-86befb29e993"], ["705c5e8e-49b0-43c1-8c07-28facae52e1c"], []], "archive": ["7b41975f-ee50-46d6-98c9-a32b286a5ff4", "f6c2263d-9efa-462c-b4e4-8aeb72efdd84", "b126c7a5-0b49-49e3-b970-3070d911b304", "9e3fdf00-f5e1-4d0c-bdde-9019c6d664f9", "aab24643-f627-42ff-81ff-9391730663e0", "1633f6c2-113e-4dfb-9bd1-49eee50ae87a", "363a750a-7263-4552-9b8b-afa40b9b04ae"], "best_program_id": "363a750a-7263-4552-9b8b-afa40b9b04ae", "island_best_programs": ["363a750a-7263-4552-9b8b-afa40b9b04ae", null, null, null, null], "last_iteration": 7, "current_island": 0, "island_generations": [2, 1, 1, 1, 1], "last_migration_generation": 0, "feature_stats": {"complexity": {"min": 6148.0, "max": 6667.0, "values": [6148.0, 6567.0, 6667.0, 6667.0, 6667.0, 6667.0, 6667.0, 6667.0, 6567.0, 6667.0, 6667.0, 6667.0, 6148.0, 6667.0, 6667.0, 6567.0, 6667.0, 6667.0, 6667.0, 6148.0, 6148.0]}, "diversity": {"min": 42.400000000000006, "max": 98.4, "values": [42.400000000000006, 91.2, 91.2, 91.2, 91.2, 91.2, 91.2, 42.400000000000006, 91.2, 91.2, 91.2, 98.4, 91.2, 91.2, 42.400000000000006, 91.2, 91.2, 91.2, 98.4, 98.4]}}}