{"feature_map": {"5-0": "da6243d9-9b79-462a-8f59-de6e6a2c3620", "9-5": "10b76752-7b4e-493a-a457-3713eff5bf75", "9-0": "3931d372-d9aa-43fc-8cf1-5a05cc9a4d44", "9-9": "cecd8af6-bc7f-48ca-91d0-2ecac01205b1"}, "islands": [["9b05f5c1-07ed-40d2-917a-52c7594b0319", "da6243d9-9b79-462a-8f59-de6e6a2c3620", "3931d372-d9aa-43fc-8cf1-5a05cc9a4d44", "10b76752-7b4e-493a-a457-3713eff5bf75", "cecd8af6-bc7f-48ca-91d0-2ecac01205b1"], [], ["925689e0-8a05-46fe-8809-46fb1120cebf"], [], []], "archive": ["9b05f5c1-07ed-40d2-917a-52c7594b0319", "da6243d9-9b79-462a-8f59-de6e6a2c3620", "3931d372-d9aa-43fc-8cf1-5a05cc9a4d44", "10b76752-7b4e-493a-a457-3713eff5bf75", "cecd8af6-bc7f-48ca-91d0-2ecac01205b1"], "best_program_id": "10b76752-7b4e-493a-a457-3713eff5bf75", "island_best_programs": ["10b76752-7b4e-493a-a457-3713eff5bf75", null, null, null, null], "last_iteration": 4, "current_island": 3, "island_generations": [1, 1, 1, 1, 0], "last_migration_generation": 0, "feature_stats": {"complexity": {"min": 6000.0, "max": 6666.0, "values": [6000.0, 6655.0, 6666.0, 6655.0, 6655.0]}, "diversity": {"min": 64.10000000000001, "max": 126.0, "values": [126.0, 64.10000000000001, 126.0, 126.0]}}}