{
  "id": "363a750a-7263-4552-9b8b-afa40b9b04ae",
  "generation": 0,
  "iteration": 0,
  "current_iteration": 9,
  "metrics": {
    "combined_score": 0.4066666666666666,
    "avg_makespan": 178.0,
    "avg_slo_ratio": 1000000.0,
    "runs": 1.0
  },
  "language": "unknown",
  "timestamp": 1778705670.1150346,
  "saved_at": 1778708507.0436552
}